{"cameraMode":{"drawMode":0,"name":"Shaded","section":"Shading Mode"},"sceneLighting":true,"audioPlay":false,"sceneViewState":{"showFog":true,"showMaterialUpdate":false,"showSkybox":true,"showFlares":true,"showImageEffects":true,"showParticleSystems":true},"in2DMode":false,"pivot":{"x":12.202125549316407,"y":2.7786407470703127,"z":-6.525331974029541},"rotation":{"x":0.3040418028831482,"y":-0.616709291934967,"z":0.27985596656799319,"w":0.6700072884559631},"size":79.64300537109375,"orthographic":false}